Country/Region/World,ISO,Sex,Year,Mean BMI,Mean BMI lower 95% uncertainty interval,Mean BMI upper 95% uncertainty interval,Prevalence of BMI>2SD (obesity),Prevalence of BMI>2SD lower 95% uncertainty interval,Prevalence of BMI>2SD upper 95% uncertainty interval,Prevalence of BMI>1SD (overweight),Prevalence of BMI>1SD lower 95% uncertainty interval,Prevalence of BMI>1SD upper 95% uncertainty interval,Prevalence of 1SD<BMI<2SD,Prevalence of 1SD<BMI<2SD lower 95% uncertainty interval,Prevalence of 1SD<BMI<2SD upper 95% uncertainty interval,Prevalence of minus1SD<BMI<1SD,Prevalence of minus1SD<BMI<1SD lower 95% uncertainty interval,Prevalence of minus1SD<BMI<1SD upper 95% uncertainty interval,Prevalence of minus2SD<BMI<minus1SD,Prevalence of minus2SD<BMI<minus1SD lower 95% uncertainty interval,Prevalence of minus2SD<BMI<minus1SD upper 95% uncertainty interval,Prevalence of BMI<minus1SD (underweight),Prevalence of BMI<minus1SD lower 95% uncertainty interval,Prevalence of BMI<minus1SD upper 95% uncertainty interval,Prevalence of BMI<minus2SD (moderate & severe underweight),Prevalence of BMI<minus2SD lower 95% uncertainty interval,Prevalence of BMI<minus2SD upper 95% uncertainty interval
World,NA,Boys,1975,16.7736188639929,16.338106398369,17.2253771485074,0.00860342135460783,0.00528326730033926,0.0134325534025859,0.0403137642736815,0.0306340821258396,0.052340834150258,0.0317103429190737,0.0227684045732042,0.0430733809531248,0.546575110808286,0.492707210417099,0.600569811308165,0.265239134622297,0.210503844711345,0.320434329490731,0.413111124918032,0.358740728947726,0.466928328342831,0.147871990295735,0.104448104710132,0.195007236206241
World,NA,Boys,1976,16.8005256989254,16.3988414238576,17.2121848616945,0.00894167459955107,0.00565276283281047,0.01365466299322,0.0414366143677293,0.0319122796099305,0.0529723910288908,0.0324949397681783,0.0237805914910298,0.0433351173437377,0.547071537381031,0.495531296515263,0.598882010007139,0.264268962278258,0.211246445015089,0.31708723671355,0.411491848251239,0.359130432970622,0.463273186595223,0.147222885972981,0.105447288650906,0.191810343323461
World,NA,Boys,1977,16.8275572784927,16.4609045957483,17.201959737266,0.00931126287637505,0.00605149065241386,0.0138421280929961,0.042620364037545,0.0333670979638433,0.0536486117002897,0.03330910116117,0.0247459839581271,0.0437485983546632,0.547475831550129,0.497616110140049,0.597076736360609,0.263301308908569,0.212445082647523,0.31387499542999,0.409903804412326,0.359458087771039,0.459975177252897,0.146602495503758,0.106568884516008,0.189337064584498
World,NA,Boys,1978,16.8549054071849,16.519117293014,17.1955605371515,0.00971613773180446,0.00649855695442383,0.0141337844797935,0.0438806472979923,0.0347362755363663,0.0544113914035313,0.0341645095661878,0.0258091964231823,0.044122743944979,0.547731800573137,0.499803404476128,0.595669968211835,0.262329515321776,0.214178399721454,0.310684389517421,0.408387552128871,0.359855312000964,0.456458970715497,0.146058036807095,0.108105256293993,0.186741874579765
World,NA,Boys,1979,16.8829502533965,16.5716196405021,17.196703295683,0.0101607072600157,0.00693884705927412,0.0144809820290712,0.045235795149184,0.0362172226532903,0.0556194499778866,0.0350750878891682,0.0268801633929692,0.0445769049177911,0.547759091766184,0.5017709711177,0.593923197438688,0.261364565219287,0.215210305576913,0.307460289965867,0.407005113084632,0.360502790107247,0.452906372130709,0.145640547865345,0.109719976775373,0.184840403337159
World,NA,Boys,1980,16.911161456849,16.6213685596856,17.2032031458472,0.0106521021899539,0.00743161472880284,0.0148714651503671,0.0467089824104502,0.0378331628040835,0.0567349754638232,0.0360568802204962,0.0280222545756837,0.0452309699801191,0.547515157624997,0.503887097166462,0.591911716434042,0.26040123557905,0.216419727934067,0.30433213546616,0.405775859964552,0.361274786816402,0.449387818821259,0.145374624385502,0.110771983088024,0.183015332718931
World,NA,Boys,1981,16.939277275953,16.6676004995847,17.2127588366429,0.0111922011456349,0.0079797961673087,0.0153972627358947,0.0483025503418206,0.0395962515940484,0.0580986227109916,0.0371103491961857,0.0291931389940749,0.0460894148502211,0.546990383600161,0.505387004354858,0.589478783173015,0.259429915784637,0.217673849173608,0.301049653556835,0.404707066058018,0.362327373142277,0.446034176209296,0.145277150273381,0.112500865034571,0.181366365958753
World,NA,Boys,1982,16.9669026840788,16.7105373814561,17.2262481649604,0.0117819444698196,0.00853731138881211,0.0159574358755754,0.050018115833376,0.0415668970154979,0.0595886226481234,0.0382361713635564,0.0304721329175328,0.0469885405571007,0.546188474912004,0.506817056740384,0.586641522735536,0.258459468199425,0.218811856438595,0.297994720096649,0.40379340925462,0.363191985115535,0.443506531555652,0.145333941055195,0.11376871332569,0.179804341496587
World,NA,Boys,1983,16.9945913806764,16.7518344165993,17.241988639498,0.0124250803493696,0.00914789301272521,0.0166154230599226,0.0518669936010999,0.0434436206756263,0.0612074001532188,0.0394419132517303,0.0318640335732714,0.0481118841908808,0.545179211376613,0.5078056677181,0.583831960694526,0.257460886458341,0.219618073086826,0.295040917397782,0.402953795022287,0.364120276398889,0.441222551055742,0.145492908563946,0.115503814520848,0.178534594534082
World,NA,Boys,1984,17.0237867525058,16.789754971497,17.2594188951649,0.0131242108313519,0.00980072898677,0.017327103798234,0.053853680996591,0.0455972984583783,0.0630658294612394,0.0407294701652391,0.0333398363308295,0.0492586557940864,0.544068770330645,0.50818781455267,0.580729131195074,0.256406877522914,0.22085965871122,0.292025761477774,0.402077548672764,0.365649463509264,0.43850269275113,0.145670671149851,0.117143042131675,0.177102474110374
World,NA,Boys,1985,17.0558017777267,16.8340411964229,17.2775799234881,0.0138818183823058,0.0105121739408539,0.0180976813639375,0.0559864539275751,0.0477379529966018,0.0650123830677047,0.0421046355452693,0.0347569531011167,0.0505136335318176,0.542939097258258,0.508630608554891,0.577849437573347,0.255271584079881,0.221164997177857,0.289173070605911,0.401074448814167,0.366372765877605,0.43600932271159,0.145802864734286,0.118424119205015,0.175570513309833
World,NA,Boys,1986,17.091180488171,16.8786519358779,17.3035328719761,0.0146971997243048,0.0112748671378156,0.0189172990825915,0.0582620840593807,0.0501957882100487,0.0671987586176136,0.0435648843350759,0.0362993756047951,0.0518994310760624,0.541819478629377,0.509232967187267,0.57512308411895,0.254038827224787,0.221636150336744,0.286420985386977,0.399918437311242,0.366608861451437,0.432950264719451,0.145879610086456,0.119400873904453,0.174140412216141
World,NA,Boys,1987,17.128398030072,16.9252697713893,17.3342021198713,0.0155767537493691,0.0121163859903786,0.019698785262971,0.0606818838028999,0.0527141825012463,0.069427119812418,0.0451051300535308,0.0379284294333685,0.0532313961359434,0.540686216263224,0.50963672898302,0.572533057056747,0.252721225867607,0.222242188323392,0.283458403795708,0.398631899933876,0.367469944055111,0.42991125136723,0.14591067406627,0.120357534786553,0.173011461656104
World,NA,Boys,1988,17.1661087643037,16.9735265459926,17.3614014818417,0.0165158923104107,0.0130156864450765,0.0206231681600003,0.063228052444603,0.0553780907553488,0.0717678298454819,0.0467121601341922,0.0396161324881113,0.0546892989948792,0.539555348790266,0.509728437190782,0.570017528354593,0.251333492725401,0.22273444352938,0.281004834807066,0.397216598765131,0.367133803675186,0.427045396613816,0.145883106039731,0.121246952593654,0.171711519583579
World,NA,Boys,1989,17.2032080913169,17.021262698396,17.3908305366114,0.0175085659667987,0.0139774261752214,0.0215761954499614,0.0658745676447784,0.058127046307643,0.074317646674723,0.0483660016779797,0.041327895346101,0.0561854942524729,0.538448389157173,0.509580741483663,0.567798900339894,0.249896464996606,0.222729644772678,0.278253948492444,0.395677043198049,0.366636978006729,0.42422184079241,0.145780578201442,0.12219148195922,0.170549634419911
World,NA,Boys,1990,17.2386603737811,17.0640203753577,17.4190453075775,0.0185532941377551,0.0150285437137125,0.0226039793375229,0.0686054509613643,0.0608789893771556,0.0768980894977896,0.0500521568236092,0.0430841365221144,0.0576658205123965,0.537375663426265,0.509607392171322,0.565524787809696,0.248431249286751,0.222553728254172,0.275324476090606,0.39401888561237,0.366265892779219,0.421324310195367,0.145587636325619,0.122895163043359,0.169229015836578
World,NA,Boys,1991,17.2728423789227,17.1077149112799,17.4453502277049,0.0196461219874349,0.0160685653688181,0.0236749590493683,0.0714133022143493,0.0637488984077844,0.0795269889799449,0.0517671802269144,0.0448606282129994,0.0592709543454177,0.536365200643615,0.509533997954002,0.563508700194393,0.246935289449709,0.222348291223462,0.272506854837771,0.392221497142035,0.36581604572671,0.418609802746408,0.145286207692326,0.123377877883048,0.168120214219707
World,NA,Boys,1992,17.3061729840964,17.1466399288793,17.4686900252234,0.0207926014310243,0.0172307075900685,0.0247729575427881,0.0743154164118766,0.0667124358534184,0.0823707364377427,0.0535228149808523,0.0467353407051102,0.0609033131373819,0.535391711241515,0.509773357114241,0.561272208285231,0.245397898171448,0.22178595809175,0.26982763853603,0.390292872346609,0.365008379554796,0.41570322226883,0.144894974175161,0.124152682872901,0.166893005966754
World,NA,Boys,1993,17.3382348693667,17.1868567089193,17.4917235912865,0.0220026403008129,0.0184315035958573,0.0259860649226589,0.0773344168899158,0.0698885186436997,0.0853345545926175,0.0553317765891029,0.0485481401593449,0.0625669553126425,0.534437772865643,0.509743743772728,0.559196087633822,0.243805370348897,0.221189953990087,0.267153877763954,0.388227810244441,0.364021041018792,0.412520155327158,0.144422439895544,0.124386483097319,0.165318063801335
World,NA,Boys,1994,17.3696642222209,17.2238359086216,17.5158201021478,0.0232799694184172,0.0196464502412393,0.0272532246908881,0.0804901191414833,0.0732186306535876,0.0885181202499448,0.0572101497230661,0.0505149006686883,0.0644161071679368,0.533465538752584,0.509666255599163,0.557431641880194,0.24216572188719,0.2205134515181,0.264363966188755,0.386044342105933,0.362587134029003,0.409260646985576,0.143878620218743,0.124478903934786,0.163755748379423
World,NA,Boys,1995,17.4016755520893,17.2617922910003,17.5410389000845,0.0246306558690165,0.0209310735138506,0.0286626777453965,0.0837927132371869,0.0765420848350239,0.0916580731614724,0.0591620573681704,0.0525231639044693,0.0662737338561907,0.532469637483438,0.509594009842988,0.555410728628241,0.240472319631843,0.219994500209824,0.261696841330694,0.383737649279375,0.361291734995518,0.405948322735614,0.143265329647532,0.124466451598538,0.162453779211164
World,NA,Boys,1996,17.4359918027897,17.3030971242901,17.5689757142247,0.0260565264042034,0.0222877539202004,0.0301185402649086,0.0872526288984373,0.0799955373023449,0.0950722300955627,0.0611961024942339,0.0546012375499942,0.0682969604634272,0.531472821920004,0.509622605409533,0.553386857494132,0.238721649245911,0.219342537135063,0.259108034540492,0.381274549181558,0.359835242751245,0.40226389788095,0.142552899935648,0.124401354243205,0.160940140220942
World,NA,Boys,1997,17.4728276436948,17.3436004252169,17.6032788802127,0.027563099280816,0.0237670009227859,0.031645304519402,0.0908816924522388,0.0835597376753333,0.0986612718211315,0.0633185931714229,0.0568085992733597,0.0703150728191747,0.53045631128989,0.509371621084022,0.551578037416379,0.236916534698402,0.218212850909783,0.256408823624412,0.378661996257871,0.357903825504747,0.398756623404285,0.141745461559469,0.124252569936465,0.159281533539763
World,NA,Boys,1998,17.5117700825039,17.3874652024268,17.6386396116057,0.0291521004784034,0.0253313882245623,0.0332459207839726,0.0946784990125618,0.0873694875909826,0.102535893959627,0.0655263985341584,0.0589178581137673,0.0725685957037609,0.529363300299972,0.508834910057473,0.549675737218719,0.23505526070106,0.216963561901168,0.253633757934515,0.375958200687466,0.355912637702038,0.395377714615317,0.140902939986406,0.124247257815631,0.157750327065163
World,NA,Boys,1999,17.5524448065283,17.4321431691575,17.6725083709481,0.0308323480804247,0.0269536590793127,0.0348943130562174,0.0986468279094134,0.0914429801137146,0.106395083272044,0.0678144798289887,0.0612112661071806,0.0748288655087222,0.52814200716465,0.508295864785205,0.547690683080113,0.233151451739754,0.215650644113129,0.251342231380964,0.373211164925936,0.353970789928292,0.391946997991592,0.140059713186182,0.123890722076741,0.155882583334936
World,NA,Boys,2000,17.5945825589801,17.4790470656204,17.7118414626111,0.0326031372577447,0.0286902835108166,0.0366840461959537,0.102767668439034,0.0954640353617157,0.110538113159165,0.0701645311812897,0.0635273172068098,0.0771798488670346,0.526771249664274,0.507556508859701,0.545595877937922,0.231212458365914,0.214313650219092,0.248673643506347,0.370461081896692,0.352095743053323,0.388587430794004,0.139248623530777,0.123659195234213,0.154581309185961
World,NA,Boys,2001,17.638235803958,17.526619445571,17.7511648087126,0.0344784018312604,0.0305432365182036,0.0386412911034182,0.107066310396011,0.0998274234082615,0.114875968262397,0.0725879085647506,0.0659182377576957,0.0796709046722378,0.525230915209691,0.506453010049105,0.543277636247904,0.229232870421997,0.212951924600679,0.246205397141302,0.367702774394298,0.34983325814422,0.385121949378694,0.1384699039723,0.123355054360312,0.153457739399544
World,NA,Boys,2002,17.6835919356174,17.5739096561451,17.7934108359954,0.0364531615111287,0.0324109232374464,0.0406842563537372,0.111524937324643,0.104155289606043,0.119347013167557,0.0750717758135138,0.0683633413733009,0.082141556263481,0.523544330968548,0.505078949199571,0.541297663546561,0.227209903599625,0.21139298252793,0.24376048187403,0.36493073170681,0.34765548866641,0.382038274507057,0.137720828107185,0.122934295475598,0.152438251626345
World,NA,Boys,2003,17.730489087355,17.6235199302538,17.8357661784494,0.0385319408717925,0.0343938079208648,0.0428764396577739,0.116144764194236,0.108669565976428,0.124104781144734,0.077612823322444,0.0709063634143599,0.0847492473294146,0.521702842647384,0.503731207820475,0.539109555519556,0.225134184244168,0.209547394603577,0.241320747403547,0.362152393158379,0.345289305713442,0.379065311749727,0.137018208914211,0.122869976701911,0.151620951511507
World,NA,Boys,2004,17.7786125020993,17.6736243539261,17.8824392548389,0.040723949703483,0.0365475258900696,0.0451772494444962,0.120925809556298,0.113392141785923,0.129066431029163,0.0802018598528151,0.0734231263183779,0.087484567095225,0.519728654320412,0.50209512434085,0.536892522077916,0.223003228367916,0.207600252603572,0.239004231846733,0.35934553612329,0.342936734718693,0.376185560366738,0.136342307755374,0.122218200328549,0.150461450832298
World,NA,Boys,2005,17.8271247282638,17.724827326275,17.9284276607647,0.0430329312190037,0.038747888798087,0.047587901856492,0.125864242006149,0.118288739799043,0.134104515127009,0.0828313107871453,0.075985669685566,0.0903106661993318,0.517659611703441,0.500195020205884,0.534936279888266,0.220803618587743,0.205482858832591,0.236476101673044,0.35647614629041,0.340091951943249,0.373258016365602,0.135672527702667,0.121804583574134,0.149737915605797
World,NA,Boys,2006,17.8763117602802,17.7762713712643,17.9764770193475,0.0454661096909247,0.0410374006428302,0.0501754498881087,0.130959210837705,0.123167916720409,0.139485472410816,0.0854931011467805,0.0785609201537363,0.0930764936026353,0.515494671209812,0.498231832445642,0.532856244041049,0.21853472630614,0.203105344222021,0.234363175682825,0.353546117952483,0.337234594705732,0.370282754434347,0.135011391646343,0.121226468933448,0.149188075180697
World,NA,Boys,2007,17.926662105274,17.8293537043028,18.0262083472503,0.0480297834375655,0.0433078046541764,0.0529414246414325,0.136205497915916,0.128092224141212,0.145122659432192,0.08817571447835,0.0808740525880777,0.0959482400094111,0.513247553179889,0.495600218564506,0.530791054006952,0.216201923547658,0.200809274942122,0.232067552475591,0.350546948904195,0.334316499472281,0.367644880910398,0.134345025356538,0.120531250889579,0.148633636155259
World,NA,Boys,2008,17.9780530967799,17.8832002280061,18.074841867188,0.0507151305702308,0.0457870422750885,0.0559750806667586,0.141581835262484,0.133108014941557,0.150843637297772,0.0908667046922529,0.083320037625328,0.0989310907073391,0.510952071869906,0.492920483077881,0.528617965372141,0.213810545389366,0.198371262699252,0.230140290587865,0.34746609286761,0.331256049215204,0.364858489580448,0.133655547478244,0.119729946036993,0.148052521413315
World,NA,Boys,2009,18.0315940219251,17.9375033123458,18.1271127316866,0.0535327719390089,0.0482028119035732,0.0590887157529553,0.14712018115053,0.138179244926604,0.156859868404095,0.0935874092115206,0.0856918420241975,0.102017329871485,0.508662361827735,0.490103011786272,0.526952789709521,0.211349065808469,0.195486667906936,0.228178189886746,0.344217457021735,0.327449383502055,0.361761850857009,0.132868391213267,0.118699222466589,0.147754105566042
World,NA,Boys,2010,18.0883169298674,17.9908388217724,18.1856445842013,0.0564947001594062,0.0507498287889901,0.062739545476228,0.152841598235356,0.143440602480803,0.163068861268945,0.0963468980759496,0.0880091888848835,0.10531251118966,0.506416172493161,0.486941701588554,0.525292620770519,0.208806119170059,0.192521008438599,0.226026727206507,0.340742229271483,0.323308963967672,0.358930306892359,0.131936110101423,0.117443463697424,0.147033498733624
World,NA,Boys,2011,18.1482030027028,18.0481825457209,18.2492226647504,0.059614407605537,0.0534056513119204,0.0664380081022069,0.158773873574207,0.148500677557091,0.169760933118581,0.0991594659686699,0.0901751868329135,0.108715260752077,0.504201235587323,0.483914527071433,0.523698518866317,0.206185162525611,0.18925203753595,0.223990756466516,0.33702489083847,0.31853943870655,0.356419810981278,0.13083972831286,0.11589757514632,0.146520140226556
World,NA,Boys,2012,18.2107174305623,18.1013260031734,18.3204518612095,0.0629046058367746,0.0559909984357868,0.0706017125104933,0.16493931559458,0.153812866384305,0.176730672447011,0.102034709757805,0.09226609422013,0.112360434118909,0.501979259875156,0.48081382417201,0.522475883992223,0.20349208779749,0.185924641060757,0.221989878120146,0.333081424530264,0.313659097578412,0.353611458591603,0.129589336732774,0.113742480669657,0.146283479312584
World,NA,Boys,2013,18.2763379179121,18.1557689706704,18.3992692688431,0.0663764778462915,0.0585517696852244,0.0748962157768338,0.171351555763125,0.159142294429615,0.184426093716258,0.104975077916834,0.0943449667336005,0.116344258322502,0.499719985362266,0.477371788194519,0.521230882480666,0.20072456818732,0.182300491237719,0.220151589869814,0.328928458874609,0.30830934694002,0.350482911629185,0.128203890687289,0.111586057144899,0.145728145803034
World,NA,Boys,2014,18.343518001092,18.2081269379525,18.4820312601392,0.070040683531746,0.0611400260558713,0.0799245613362001,0.17801412289994,0.164469197051505,0.192501443718953,0.107973439368194,0.0963061105204118,0.120435436658845,0.497375628942869,0.473919215533774,0.520372058626695,0.197878102564491,0.178363710461847,0.218289557989526,0.324610248157191,0.302678583625622,0.347495239601606,0.126732145592701,0.108818831657947,0.145355024580206
World,NA,Boys,2015,18.4125435761005,18.2583734857641,18.5739366547839,0.0738855589568762,0.0638283294899788,0.0850691476508696,0.184925789644065,0.169848653563781,0.200846007510315,0.111040230687189,0.0982051712161895,0.124724304659235,0.494913333701334,0.469872061911693,0.519748852345825,0.194966686999701,0.174369109310144,0.216466008802115,0.320160876654601,0.296966240293825,0.344319695933406,0.1251941896549,0.106068901594209,0.144941447609645
World,NA,Boys,2016,18.4829060829487,18.3010459010571,18.675897677909,0.0779121716231142,0.0666147800885404,0.0908755011431052,0.192092840287408,0.175347232041403,0.209966699769564,0.114180668664294,0.0999839545985804,0.129357556985896,0.49232482146771,0.465673580160802,0.51905707473491,0.191993818551785,0.170373897890522,0.214935476521638,0.315582338244882,0.290481714730241,0.341426210648778,0.123588519693097,0.103090105260427,0.144779042373764
World,NA,Girls,1975,17.2404264756404,16.8204926209962,17.6473402790329,0.00743773759779204,0.00449388560715957,0.0115815856279416,0.0462182630269002,0.0353687144032639,0.0591019776907738,0.0387805254291081,0.0285977834199427,0.0512784260437448,0.622798671556079,0.573180000030271,0.673574969608976,0.239025313210152,0.190863020472673,0.288483842572233,0.330983065417021,0.280763039760851,0.379859357238795,0.0919577522068684,0.0596292088433605,0.128843477274542
World,NA,Girls,1976,17.2648368216478,16.8808476298378,17.6386365886187,0.00768546224849578,0.00477182405255744,0.0117446260952056,0.0474027983102424,0.0368560281846314,0.0599187994825139,0.0397173360617467,0.0298058404103136,0.0518560722752222,0.623154282332756,0.575836244312313,0.671439614644489,0.2380399289116,0.192181077656371,0.285239874320425,0.329442919357002,0.280981824063594,0.376246287972466,0.0914029904454011,0.0603258451993453,0.126711198558869
World,NA,Girls,1977,17.2895468603962,16.9368288267513,17.6308141147119,0.00794770061212141,0.00505637229427003,0.0118861079336334,0.0486191101838791,0.0383014245527023,0.0608681956815063,0.0406714095717577,0.0309609130661038,0.0524663954711657,0.623430761422185,0.57786891117703,0.669668312064361,0.237058724544412,0.193666784097413,0.281908103086255,0.327950128393936,0.281927344572532,0.372958371155456,0.0908914038495247,0.0614174504794366,0.124672447537568
World,NA,Girls,1978,17.3143844972178,16.9886138943189,17.6257387493414,0.00823049849044391,0.00537412151624156,0.0120265958115633,0.04988584234436,0.0398211659594938,0.061704453600728,0.0416553438539161,0.0321521627151797,0.0532439684957636,0.62359419281391,0.579694845691487,0.667550060268335,0.236074767652543,0.194566875900193,0.279235950405032,0.32651996484173,0.282845733799216,0.370000476561752,0.0904451971891867,0.0623343769110561,0.122455343137404
World,NA,Girls,1979,17.3396227158107,17.0404275176446,17.6258281034924,0.00854070436202639,0.00568272435331855,0.0122301981614809,0.0512286789803146,0.0412700582988751,0.0626778012517824,0.0426879746182882,0.0334431075060983,0.053928341706303,0.623602330431923,0.581710314211465,0.665984452927187,0.235078569925552,0.195867939869118,0.27652594730464,0.325168990587763,0.283271736059138,0.36646854253163,0.0900904206622109,0.0630022595833409,0.120503506058652
World,NA,Girls,1980,17.365070896263,17.093165426731,17.6311654517737,0.00888430746600555,0.00604117069513182,0.0125442435958861,0.0526718850250337,0.0429262591511245,0.0639012429526911,0.0437875775590281,0.0347891170244917,0.0547670776871743,0.623422498484945,0.583839941924265,0.663837674449542,0.234066009974856,0.19651249249114,0.273620081055638,0.323905616490021,0.283950692054792,0.363529014093855,0.089839606515165,0.0643093221221628,0.118407833300215
World,NA,Girls,1981,17.3906086089619,17.1393425880004,17.6369938876489,0.00926426270756243,0.00643283854118584,0.0128385735302381,0.0542233191334625,0.0447250476176006,0.0652247517024039,0.0449590564259001,0.0361276631417091,0.0555881476087503,0.623024093976056,0.585102122402166,0.661317847442568,0.233060393242272,0.197326300544557,0.270806230878087,0.322752586890481,0.284707875425645,0.360313768336061,0.0896921936482087,0.0653917462698692,0.116635670783509
World,NA,Girls,1982,17.4162050751181,17.1825328454942,17.6431958547276,0.00968179360404444,0.00684357589503427,0.0131679159297524,0.0558848825372778,0.0467316658615883,0.0665586773164329,0.0462030889332334,0.0375414604653838,0.0564914994170399,0.622423761192318,0.586649263739754,0.658821775882624,0.232047107069616,0.198044833559683,0.268092187065447,0.321691356270405,0.285928124595548,0.357516028784844,0.089644249200789,0.0664025556371459,0.115341177999414
World,NA,Girls,1983,17.4425958780779,17.2239493708961,17.6541320443988,0.0101391301088875,0.00728082935912716,0.0135930631812075,0.0576672348327232,0.0486431357843348,0.0681086808849585,0.0475281047238357,0.0390732987304282,0.0576893520947806,0.621656937815418,0.587522579169596,0.656317224247046,0.231009375762724,0.198496507245269,0.265241287363096,0.320675827351858,0.286784186799266,0.355119277426098,0.0896664515891342,0.067620483304444,0.114138878822194
World,NA,Girls,1984,17.4702055303522,17.2642879273236,17.6668513929726,0.0106408810839859,0.00776048685685316,0.0141108785127981,0.0595801430389677,0.0507133472482891,0.0696960240633577,0.0489392619549818,0.0405604721535178,0.0588752965313396,0.620770966477311,0.587972108051292,0.653520124948298,0.229930501084603,0.199088651985383,0.262533974873494,0.319648890483721,0.28756216683243,0.352317569636245,0.0897183893991189,0.0688482697939322,0.112960531718338
World,NA,Girls,1985,17.4999642507512,17.3035306152695,17.6842623504543,0.0111905016356514,0.00826583283085994,0.0146699447235307,0.061625671484909,0.05296463851684,0.0715774820001286,0.0504351698492576,0.0422599321847824,0.0601006223569512,0.619808886681017,0.588480192701754,0.651105703351746,0.228797439452088,0.199409148842806,0.259885216855956,0.318565441834074,0.287773281699029,0.349608970018795,0.089768002381986,0.0697002406241453,0.111946578576219
World,NA,Girls,1986,17.53203124814,17.3454774309778,17.7077548121815,0.0117870111080389,0.00884428343915091,0.0152414182058439,0.0638048640718803,0.0551939489225192,0.0735168196707411,0.0520178529638414,0.0439529170883349,0.0614134016789953,0.618789503574244,0.588771496020438,0.64849211293134,0.227607452339757,0.199636120041187,0.257245515701737,0.317405632353875,0.288020581582347,0.347173157899376,0.0897981800141186,0.0704240461733217,0.110916484172597
World,NA,Girls,1987,17.5657564163414,17.3906158007818,17.7353594506946,0.0124326218162897,0.00949566602010722,0.0158712018066781,0.0661117485071259,0.0575936827797415,0.0756124890648487,0.0536791266908362,0.0457367588129915,0.0627253468813786,0.617710262193892,0.589093151823858,0.645812720135606,0.226360466638672,0.199905280834446,0.254709250042692,0.316177989298982,0.288141069892052,0.344474817760122,0.0898175226603095,0.0709940624328246,0.109953644938322
World,NA,Girls,1988,17.6006360389656,17.4311208271585,17.7603372196007,0.0131240295188236,0.0101673919914462,0.0165765898407004,0.0685285856136479,0.0602545156243794,0.0776885345130646,0.0554045560948243,0.0475016556320895,0.0643003613076747,0.616565666449104,0.589457663065751,0.643460283038878,0.225086201467128,0.199967396710294,0.251732667981735,0.314905747937248,0.288451437415349,0.342093725867308,0.0898195464701197,0.0716187440485392,0.108881804461005
World,NA,Girls,1989,17.6357351513232,17.4745752069522,17.7866036298639,0.0138568538480865,0.0108682449885035,0.0172942053825645,0.0710269447985343,0.0628315843924962,0.0801105558360533,0.0571700909504478,0.0494837437248075,0.0658401047520298,0.615371862800353,0.589426524056927,0.640851190145549,0.223809632599847,0.200073193673236,0.249166799649319,0.313601192401113,0.288459573483826,0.339599503908557,0.089791559801266,0.0721731255495264,0.108047108332317
World,NA,Girls,1990,17.6703377132527,17.5148044128186,17.8125677861766,0.0146254449888889,0.0116130977880192,0.0180256954463653,0.0735816907805698,0.0655256774303666,0.0824727805781613,0.0589562457916809,0.051338929683691,0.0674808470878042,0.61412375774011,0.589592687287734,0.638388076455243,0.222554132199265,0.199969042732297,0.246841419075593,0.31229455147932,0.288301129530113,0.337000296705761,0.0897404192800553,0.0727674337056611,0.107330182301292
World,NA,Girls,1991,17.7043517786456,17.5575199299169,17.8395292011818,0.0154262698694157,0.0123980140021779,0.0188249990175034,0.0761771902269102,0.0682999070913147,0.0848183166400063,0.0607509203574945,0.053290204583781,0.0691245346149849,0.612860555409996,0.589653209692306,0.635988483541884,0.221314292389607,0.199850422242518,0.244384649837223,0.310962254363094,0.287896374113857,0.334301600170142,0.0896479619734866,0.0732636462310833,0.106530668044389
World,NA,Girls,1992,17.7374301541599,17.5980127523427,17.865165656578,0.0162643549968693,0.0132609334634325,0.0196045165057045,0.0788268820354811,0.0710849889667993,0.0871734388364202,0.0625625270386117,0.0551955326021286,0.070835047372795,0.611581153353756,0.589297075328286,0.633671833118229,0.220078708944054,0.199665726463605,0.242077949553607,0.309591964610763,0.287932254780611,0.331982825271169,0.089513255666709,0.0737172285229326,0.10572387562225
World,NA,Girls,1993,17.7691935569989,17.638359658782,17.8883192758672,0.0171440544860433,0.0141546409492736,0.020488742736104,0.081542780075487,0.0739411690489278,0.0898260100674822,0.0643987255894437,0.0571654806264713,0.0723548137860335,0.610290860748301,0.589190467592391,0.631493696884013,0.218827972796039,0.199267819784611,0.239997218931123,0.308166359176212,0.287471921816132,0.329539626362198,0.0893383863801725,0.0740227583248691,0.104743784089255
World,NA,Girls,1994,17.7998178696715,17.6765787582217,17.9147340740561,0.0180704753951841,0.0151041760412554,0.0213795547102174,0.0843363213007419,0.0768708727628681,0.0925129936826336,0.0662658459055578,0.0592002524939096,0.0741884594223212,0.608987083961839,0.589239094439887,0.629092577027071,0.217544749940896,0.198825105897528,0.237639602048568,0.306676594737419,0.286918443557197,0.327003323243203,0.0891318447965226,0.0744891886653844,0.104106707162683
World,NA,Girls,1995,17.8299795027348,17.7143203610114,17.938624004892,0.0190489900608688,0.0160771020532158,0.0223592001252798,0.0872155065930406,0.0798442594475699,0.0951151500539939,0.0681665165321718,0.0612097745454924,0.0758441336762364,0.607680851679612,0.588731121226342,0.627018983334587,0.216206063677957,0.198150172280096,0.235239656113591,0.305103641727348,0.286113797785626,0.324442791137768,0.0888975780493912,0.0747316238276412,0.103459467754929
World,NA,Girls,1996,17.8602358369263,17.7512337482809,17.9629022608706,0.0200811139814459,0.0170817020393941,0.0233681568044445,0.0901833576959743,0.0828483959626905,0.0980729838610217,0.0701022437145284,0.0631915978279205,0.0776213070752132,0.606388552193039,0.588066894913202,0.624951952641794,0.214796662482405,0.197462198042168,0.233072347133784,0.303428090110987,0.285244332290535,0.322032489341397,0.0886314276285816,0.0749432019878135,0.102715896300202
World,NA,Girls,1997,17.8910860442178,17.786713853456,17.9887936226835,0.0211666355860976,0.0181265448794067,0.0244561439561572,0.0932381785295562,0.0861297358206009,0.101036316628204,0.0720715429434586,0.0652441812378759,0.0793689216286444,0.605105754787342,0.587197533767968,0.622980852094663,0.213324040729906,0.19650191942584,0.230872853124938,0.301656066683102,0.284255118941241,0.319462562027032,0.0883320259531961,0.0751785050554158,0.101939134639891
World,NA,Girls,1998,17.9220536453912,17.8225246743265,18.0158960492852,0.0223098716250497,0.0193054343226887,0.0255804258113687,0.0963946679829268,0.0893214489487781,0.103988222440063,0.074084796357877,0.0672831909034471,0.081307013442847,0.603792225615438,0.586739645387462,0.621009854948112,0.211785228544165,0.195745180300144,0.22900387445172,0.299813106401635,0.283187466872679,0.316840422660524,0.0880278778574704,0.0754603811993238,0.101207366305061
World,NA,Girls,1999,17.9530800728766,17.859583590843,18.045627793106,0.0235134621505908,0.0205110706587069,0.0268114128945889,0.0996576666274134,0.0926553708586245,0.107216095296526,0.0761442044768226,0.0693995801736965,0.0831633295333626,0.602410625711568,0.585790430825227,0.619287156917223,0.210191097305769,0.194769996010343,0.226935330541334,0.297931707661019,0.28189365569851,0.314135960019504,0.0877406103552504,0.0756115343111676,0.100360612668362
World,NA,Girls,2000,17.9842773358368,17.8936271927369,18.0733718304272,0.0247767376515287,0.0218074099822782,0.0280628351418136,0.103025661124036,0.0960192655210891,0.110571277944418,0.0782489234725068,0.0716892114520369,0.0852512511898121,0.600942413931251,0.584743618848725,0.617250222495098,0.208546710170456,0.193639893998706,0.22461192869576,0.296031924944713,0.280449358515096,0.311741592877965,0.0874852147742575,0.0758650169802471,0.0995525988800347
World,NA,Girls,2001,18.0158279447308,17.9262499013755,18.1014467720132,0.0261033654019301,0.0231309473886972,0.0293832354999183,0.106511838117349,0.0995554250516941,0.114055371700299,0.0804084727154186,0.0738830910230939,0.0874504848256889,0.599384521546869,0.583497900364887,0.61521165796235,0.206845669139938,0.192313226583657,0.222237755403518,0.294103640335782,0.278742835172442,0.309305492352283,0.0872579711958446,0.0759424427354691,0.0988679032123522
World,NA,Girls,2002,18.0476583867356,17.9600753419494,18.1326521356659,0.0274910052832312,0.0244673080813565,0.0307687354702654,0.110116695845152,0.103218225114977,0.117524159396355,0.0826256905619206,0.0761627074587275,0.0897017846363799,0.597744647418758,0.582351177529606,0.613133138090194,0.205084855067842,0.191068148461841,0.219907755899074,0.292138656736091,0.277335464845232,0.306986067838972,0.0870538016682488,0.0759181152471182,0.0984647082944436
World,NA,Girls,2003,18.0798044473683,17.9942740814375,18.1628077007884,0.028947287858156,0.0258525552904404,0.0322915455931471,0.113849617853069,0.106917267369,0.121248026708944,0.084902329994913,0.0784472456736932,0.0920170193517377,0.595991839675039,0.580905250522235,0.611104972672604,0.203275479346055,0.18968247322386,0.217609862644964,0.290158542471892,0.275728208476549,0.304673477035883,0.0868830631258366,0.0761815212186541,0.0979503290088213
World,NA,Girls,2004,18.1123317983711,18.029092881867,18.1925245503251,0.0304764440221242,0.0273356614653416,0.0338707039593727,0.117711378511854,0.110664383163286,0.125177660857538,0.0872349344897293,0.0808099674087805,0.0943772774978993,0.594129663138492,0.579179343515006,0.608860856133287,0.201410675793541,0.187932070808743,0.21534385657186,0.288158958349654,0.274025540018866,0.302410189436735,0.0867482825561136,0.0762914988082469,0.0977727494406668
World,NA,Girls,2005,18.1446960229242,18.063741364995,18.2240594771079,0.032084588681034,0.0288673787717455,0.0355877518605395,0.12170038879162,0.114510688604834,0.12919775205022,0.0896158001105864,0.0831059574399382,0.0967497125813656,0.592178778173076,0.577138660381757,0.60673541537739,0.199487710625599,0.186180739992445,0.213129246552765,0.286120833035304,0.272264951919295,0.300422496675892,0.0866331224097051,0.0761879350470442,0.0975615029602919
World,NA,Girls,2006,18.176783198203,18.0963114048123,18.2557106502091,0.0337784236379113,0.0304439931224339,0.0374316319710153,0.125825492540446,0.118475186935663,0.133468148388551,0.0920470689025348,0.0855359831930349,0.0993500984420444,0.590127575917554,0.575273082019589,0.604748374216315,0.197502126751703,0.184318895179645,0.211160305621463,0.284046931542,0.270453720902416,0.298376471887965,0.086544804790297,0.076204488082413,0.09743685749795
World,NA,Girls,2007,18.2094547259109,18.1306247825209,18.2890390144606,0.0355712324541533,0.0320704590675151,0.0393657870627129,0.130089313923711,0.122531053771994,0.138017746716219,0.0945180814695579,0.0878920770542261,0.101987388739919,0.587969209053777,0.573066217859774,0.602615565883557,0.195455052322687,0.182179219549018,0.209368469575413,0.281941477022512,0.268185018108415,0.296460250139669,0.0864864246998248,0.0761352119551247,0.0973443913956719
World,NA,Girls,2008,18.2423775517266,18.1628431195996,18.3227852101978,0.0374552996553505,0.0338235318587892,0.0414292520087187,0.134476934154223,0.126794724933128,0.142852496793004,0.0970216344988727,0.0900845466680498,0.104878940626122,0.585727990424745,0.570418543082542,0.600518719409817,0.193357816273299,0.179798508296743,0.207322129241618,0.279795075421031,0.265794433200462,0.29426503987355,0.0864372591477322,0.0759006954655431,0.0972914842548978
World,NA,Girls,2009,18.2760233949587,18.1965892707178,18.3575643908247,0.0394284769155522,0.0355721325122851,0.0436748172692299,0.138982525053984,0.131044749506177,0.147624594089675,0.0995540481384318,0.0923251655358782,0.107737212629762,0.583444875010515,0.567836382437474,0.59868163007886,0.191205545457975,0.17749239995048,0.20551512030553,0.277572599935501,0.263437532406444,0.29219804661189,0.0863670544775261,0.0757350813866322,0.0974256703408147
World,NA,Girls,2010,18.3119172030287,18.2319659778272,18.3944165310911,0.041495324836591,0.0373055145196869,0.0460787837420825,0.143614963038047,0.135154441558415,0.152769005661667,0.102119638201456,0.0945012438380409,0.110722015146088,0.581142526926601,0.565047511910064,0.59696302201381,0.189002759543855,0.174870235393314,0.203402553153283,0.275242510035353,0.260641170366639,0.290319405162717,0.0862397504914972,0.0751558243866865,0.0974677849486397
World,NA,Girls,2011,18.3510997881827,18.2682356604098,18.4342510169799,0.0436627346174988,0.0390436270513127,0.0486803797448304,0.148383837731207,0.139328202531948,0.158317459532924,0.104721103113708,0.0966263593383125,0.113922102777109,0.578823684958463,0.562121410572182,0.595382008971291,0.186754540276378,0.17204598670159,0.201710642475683,0.27279247731033,0.257569577876315,0.28852621034063,0.086037937033952,0.0744797147432416,0.0979562909707433
World,NA,Girls,2012,18.3930766189184,18.3048958037363,18.4789848915067,0.0459423439835043,0.0408500817202332,0.0514749685916381,0.15330355517049,0.14352274667539,0.164182905185028,0.107361211186986,0.098602260800553,0.117104072992944,0.576464974978431,0.558940078190777,0.593933606568506,0.18447525130728,0.16915773940179,0.200287917046147,0.270231469851079,0.254403484880586,0.286573734344518,0.0857562185437987,0.0736354056957935,0.0981268217318766
World,NA,Girls,2013,18.4380715559146,18.3436382575241,18.5331197067985,0.0483444579484935,0.0426584856671795,0.0545495187436443,0.1583878218189,0.147693953174984,0.170424752893552,0.110043363870406,0.10070642923823,0.120714809603714,0.574041735754872,0.555456242641283,0.592303096647276,0.182160639376108,0.166063188131709,0.198927013753732,0.267570442426228,0.250611467343402,0.284874147112083,0.0854098030501197,0.0724479831972507,0.0986563206675303
World,NA,Girls,2014,18.4851130806321,18.3796795096846,18.5920556186063,0.0508773688198802,0.0445359276242159,0.0578884785891172,0.163640362059302,0.151798624238504,0.176608234689636,0.112762993239421,0.102612213033715,0.124301858582762,0.571515938458779,0.551990256838767,0.591087973450402,0.179823596197648,0.162954882429946,0.197599817604246,0.264843699481919,0.246747860604089,0.283135547221019,0.0850201032842719,0.0711919704141936,0.0991889238744637
World,NA,Girls,2015,18.5337562227518,18.4129485272252,18.6599700265115,0.0535476907641094,0.0463884597113019,0.061394005578226,0.169066890407359,0.15617303213788,0.182989608956468,0.11551919964325,0.104454858339263,0.128171841581181,0.568855033731611,0.547955428437523,0.58997095017914,0.177468984303475,0.159843080202835,0.196287105809502,0.26207807586103,0.242532805964066,0.281788879640561,0.0846090915575556,0.0699023887151653,0.100018164592479
World,NA,Girls,2016,18.5828284466041,18.4393046111484,18.7321639623464,0.056358559134409,0.0482287489005543,0.0652970432031829,0.174661535362463,0.160364651281652,0.190030129042133,0.118302976228054,0.1059640904877,0.132081292642857,0.566061403161695,0.54390838568905,0.588792023446407,0.175100571297656,0.156333732097994,0.19497906444013,0.259277061475842,0.238409196202383,0.280325794602961,0.0841764901781861,0.0684492264885554,0.101007368007497
